{
	 "__metadata__": {
		 "format": "assimp2json"
		,"version": 100
	}
	,"rootnode": {
		 "name": "EmptyRoom.obj"
		,"transformation": [
			 1
			,0
			,0
			,0
			,0
			,1
			,0
			,0
			,0
			,0
			,1
			,0
			,0
			,0
			,0
			,1
		]
		,"children": [
			{
				 "name": "Cube.004_Cube.010"
				,"transformation": [
					 1
					,0
					,0
					,0
					,0
					,1
					,0
					,0
					,0
					,0
					,1
					,0
					,0
					,0
					,0
					,1
				]
				,"meshes": [
					 0
				]
			}
			,{
				 "name": "Cube.001_Cube.009"
				,"transformation": [
					 1
					,0
					,0
					,0
					,0
					,1
					,0
					,0
					,0
					,0
					,1
					,0
					,0
					,0
					,0
					,1
				]
				,"meshes": [
					 1
				]
			}
			,{
				 "name": "Cube.003"
				,"transformation": [
					 1
					,0
					,0
					,0
					,0
					,1
					,0
					,0
					,0
					,0
					,1
					,0
					,0
					,0
					,0
					,1
				]
				,"meshes": [
					 2
				]
			}
			,{
				 "name": "Cube.002"
				,"transformation": [
					 1
					,0
					,0
					,0
					,0
					,1
					,0
					,0
					,0
					,0
					,1
					,0
					,0
					,0
					,0
					,1
				]
				,"meshes": [
					 3
				]
			}
			,{
				 "name": "Cube.001"
				,"transformation": [
					 1
					,0
					,0
					,0
					,0
					,1
					,0
					,0
					,0
					,0
					,1
					,0
					,0
					,0
					,0
					,1
				]
				,"meshes": [
					 4
				]
			}
		]
	}
	,"flags": 8
	,"meshes": [
		{
			 "name": ""
			,"materialindex": 2
			,"primitivetypes": 4
			,"vertices": [
				 2.19707
				,2.44958
				,1.88248
				,2.19701
				,0.000952
				,1.89991
				,2.17039
				,-0.025906
				,-1.87333
				,2.17044
				,2.42272
				,-1.89076
				,2.09969
				,2.44958
				,1.88317
				,2.07307
				,2.42273
				,-1.89007
				,2.07302
				,-0.025898
				,-1.87265
				,2.09964
				,0.000959
				,1.9006
				,2.19707
				,2.44958
				,1.88248
				,2.09969
				,2.44958
				,1.88317
				,2.09964
				,0.000959
				,1.9006
				,2.19701
				,0.000952
				,1.89991
				,2.19701
				,0.000952
				,1.89991
				,2.09964
				,0.000959
				,1.9006
				,2.07302
				,-0.025898
				,-1.87265
				,2.17039
				,-0.025906
				,-1.87333
				,2.17039
				,-0.025906
				,-1.87333
				,2.07302
				,-0.025898
				,-1.87265
				,2.07307
				,2.42273
				,-1.89007
				,2.17044
				,2.42272
				,-1.89076
				,2.09969
				,2.44958
				,1.88317
				,2.19707
				,2.44958
				,1.88248
				,2.17044
				,2.42272
				,-1.89076
				,2.07307
				,2.42273
				,-1.89007
			]
			,"normals": [
				 1
				,-0.0001
				,-0.0071
				,1
				,-0.0001
				,-0.0071
				,1
				,-0.0001
				,-0.0071
				,1
				,-0.0001
				,-0.0071
				,-1
				,0.0001
				,0.0071
				,-1
				,0.0001
				,0.0071
				,-1
				,0.0001
				,0.0071
				,-1
				,0.0001
				,0.0071
				,0.0071
				,0.0071
				,0.9999
				,0.0071
				,0.0071
				,0.9999
				,0.0071
				,0.0071
				,0.9999
				,0.0071
				,0.0071
				,0.9999
				,-0
				,-1
				,0.0071
				,-0
				,-1
				,0.0071
				,-0
				,-1
				,0.0071
				,-0
				,-1
				,0.0071
				,-0.0071
				,-0.0071
				,-0.9999
				,-0.0071
				,-0.0071
				,-0.9999
				,-0.0071
				,-0.0071
				,-0.9999
				,-0.0071
				,-0.0071
				,-0.9999
				,0
				,1
				,-0.0071
				,0
				,1
				,-0.0071
				,0
				,1
				,-0.0071
				,0
				,1
				,-0.0071
			]
			,"faces": [
				[
					 0
					,1
					,2
				]
				,[
					 0
					,2
					,3
				]
				,[
					 4
					,5
					,6
				]
				,[
					 4
					,6
					,7
				]
				,[
					 8
					,9
					,10
				]
				,[
					 8
					,10
					,11
				]
				,[
					 12
					,13
					,14
				]
				,[
					 12
					,14
					,15
				]
				,[
					 16
					,17
					,18
				]
				,[
					 16
					,18
					,19
				]
				,[
					 20
					,21
					,22
				]
				,[
					 20
					,22
					,23
				]
			]
		}
		,{
			 "name": ""
			,"materialindex": 1
			,"primitivetypes": 4
			,"vertices": [
				 2.18145
				,0.039923
				,1.95678
				,2.16982
				,2.44202
				,1.91243
				,-2.23217
				,2.42062
				,1.90718
				,-2.22054
				,0.018518
				,1.95153
				,2.18157
				,0.038127
				,1.85943
				,-2.22041
				,0.016721
				,1.85417
				,-2.23204
				,2.41882
				,1.80982
				,2.16994
				,2.44022
				,1.81507
				,2.18145
				,0.039923
				,1.95678
				,2.18157
				,0.038127
				,1.85943
				,2.16994
				,2.44022
				,1.81507
				,2.16982
				,2.44202
				,1.91243
				,2.16982
				,2.44202
				,1.91243
				,2.16994
				,2.44022
				,1.81507
				,-2.23204
				,2.41882
				,1.80982
				,-2.23217
				,2.42062
				,1.90718
				,-2.23217
				,2.42062
				,1.90718
				,-2.23204
				,2.41882
				,1.80982
				,-2.22041
				,0.016721
				,1.85417
				,-2.22054
				,0.018518
				,1.95153
				,2.18157
				,0.038127
				,1.85943
				,2.18145
				,0.039923
				,1.95678
				,-2.22054
				,0.018518
				,1.95153
				,-2.22041
				,0.016721
				,1.85417
			]
			,"normals": [
				 -0.0013
				,0.0185
				,0.9998
				,-0.0013
				,0.0185
				,0.9998
				,-0.0013
				,0.0185
				,0.9998
				,-0.0013
				,0.0185
				,0.9998
				,0.0013
				,-0.0185
				,-0.9998
				,0.0013
				,-0.0185
				,-0.9998
				,0.0013
				,-0.0185
				,-0.9998
				,0.0013
				,-0.0185
				,-0.9998
				,1
				,0.0049
				,0.0012
				,1
				,0.0049
				,0.0012
				,1
				,0.0049
				,0.0012
				,1
				,0.0049
				,0.0012
				,-0.0048
				,0.9998
				,-0.0185
				,-0.0048
				,0.9998
				,-0.0185
				,-0.0048
				,0.9998
				,-0.0185
				,-0.0048
				,0.9998
				,-0.0185
				,-1
				,-0.0049
				,-0.0012
				,-1
				,-0.0049
				,-0.0012
				,-1
				,-0.0049
				,-0.0012
				,-1
				,-0.0049
				,-0.0012
				,0.0048
				,-0.9998
				,0.0185
				,0.0048
				,-0.9998
				,0.0185
				,0.0048
				,-0.9998
				,0.0185
				,0.0048
				,-0.9998
				,0.0185
			]
			,"faces": [
				[
					 0
					,1
					,2
				]
				,[
					 0
					,2
					,3
				]
				,[
					 4
					,5
					,6
				]
				,[
					 4
					,6
					,7
				]
				,[
					 8
					,9
					,10
				]
				,[
					 8
					,10
					,11
				]
				,[
					 12
					,13
					,14
				]
				,[
					 12
					,14
					,15
				]
				,[
					 16
					,17
					,18
				]
				,[
					 16
					,18
					,19
				]
				,[
					 20
					,21
					,22
				]
				,[
					 20
					,22
					,23
				]
			]
		}
		,{
			 "name": ""
			,"materialindex": 2
			,"primitivetypes": 4
			,"vertices": [
				 -2.24217
				,2.44958
				,-1.87297
				,-2.24201
				,0.000952
				,-1.8904
				,-2.23709
				,-0.025905
				,1.88293
				,-2.23725
				,2.42272
				,1.90036
				,-2.1448
				,2.44958
				,-1.8731
				,-2.13988
				,2.42273
				,1.90023
				,-2.13972
				,-0.025898
				,1.88281
				,-2.14464
				,0.000958
				,-1.89052
				,-2.24217
				,2.44958
				,-1.87297
				,-2.1448
				,2.44958
				,-1.8731
				,-2.14464
				,0.000958
				,-1.89052
				,-2.24201
				,0.000952
				,-1.8904
				,-2.24201
				,0.000952
				,-1.8904
				,-2.14464
				,0.000958
				,-1.89052
				,-2.13972
				,-0.025898
				,1.88281
				,-2.23709
				,-0.025905
				,1.88293
				,-2.23709
				,-0.025905
				,1.88293
				,-2.13972
				,-0.025898
				,1.88281
				,-2.13988
				,2.42273
				,1.90023
				,-2.23725
				,2.42272
				,1.90036
				,-2.1448
				,2.44958
				,-1.8731
				,-2.24217
				,2.44958
				,-1.87297
				,-2.23725
				,2.42272
				,1.90036
				,-2.13988
				,2.42273
				,1.90023
			]
			,